Column,Title,Body
"Backlog","Planilha Excel Backlog do Projeto","Consolidação do backlog MoSCoW com Story Points, RICE e rastreabilidade CEUB."
"Backlog","Banco de Dados & Otimização de Pool","PostgreSQL 15 com SessionLocal, pool de conexões assíncrono e migrations."
"Backlog","[ATM-AUTH-02] Recuperação de Senha com OTP","Código numérico de 6 dígitos com expiração de 15 minutos e rate limiting defensivo de 3 req/hora."
"Backlog","[ATM-CAT-03] Paginação no Servidor e Otimização de Busca","Envelope de paginação padronizado e busca textual ilike combinada em brand, model e description."
"Backlog","[ATM-FIN-04] Sincronizador Multicanal e Feed XML","Sincronização automatizada para portais parceiros (AutoAvaliar, OLX Autos) com feed XML padronizado."
"Backlog","[ATM-FIN-05] Radar de Oportunidades & Alerta de Queda de Preço","Notificações de redução de preço focadas via WhatsApp e E-mail com sanitização defensiva."
"Backlog","[ATM-AI-03] Consultor IA Automatch com Memória Multi-turn","Chatbot consultor automotivo com memória multi-turn e árvore semântica anti-repetição."
"A Fazer","[ATM-AI-05] Fazer implementação de feedback do yolov8 após upload de laudos cautelares","Extrair fotos de peças anexadas no PDF cautelar via PyMuPDF e submeter ao YOLOv8 para confrontar o texto do laudo com as marcações visuais."
"Fazendo","[ATM-B2B-01] Implementação de Conexão b2b com lojas parceiras","Conexão entre concessionárias para estoque compartilhado, reservas temporárias com hold lock de 30 minutos e propostas de repasse."
"Finalizado","Front-end","Interface SPA em React 18, Vite e TailwindCSS com 0 erros de build, Core Web Vitals e 60 FPS."
"Finalizado","Back-end","API REST assíncrona FastAPI, SQLAlchemy ORM, Pydantic v2 e suíte completa de testes aprovada."
"Finalizado","Protótipo","Fluxo completo de telas navegáveis (Vitrine, Detalhes, Dashboard, Comparador, Favoritos e Checkout)."
"Finalizado","Modelagem de dados","Modelos relacionais SQLAlchemy (Car, User, Store, Watchlist) com integridade referencial."
"Finalizado","Consertando Modelos dentro da Modelagem de Dados","Adicionados índices index=True em compartilhavel e status_reserva no modelo Car com testes aprovados."
"Finalizado","Implementação da IA do gemini","Google Gemini 1.5 Flash Vision operacional para vistoria descritiva com compressão LANCZOS."
"Finalizado","Melhoria de velocidade IA gemini","Tempo de resposta de inferência pericial reduzido de 8s para menos de 1.8s."
"Finalizado","Implementação yolov8","Motor Ultralytics CV com detecção de avarias estruturais da lataria e caixas delimitadoras."
"Finalizado","Fazer implementação de upload de laudos cautelares","Upload seguro com validação de magic bytes (%PDF-) rejeitando arquivos inválidos."
"Finalizado","Implementação API Detran","Consulta cadastral de IPVA, multas e restrições judiciais RENAJUD para placas antigas e Mercosul."
"Finalizado","Documentação arquitetura de software","Documento oficial de arquitetura com diagramas C4, sequência, componentes e decisões ADR-01 a ADR-06."
"Finalizado","Documentação completa","Padrão acadêmico institucional CEUB cobrindo Sprints 00 a 07 e Entregas avaliativas 01 a 03."
"Finalizado","Diagrama de Sequencia","Mapeamento dos fluxos transacionais de vistoria pericial, cotação FIPE e precificação."
"Finalizado","Diagrama de Componentes","Arquitetura de microsserviços, gateway Nginx, cache Redis e persistência PostgreSQL."
"Finalizado","Diagrama de Caso de Uso","33 Requisitos Funcionais e 8 Não-Funcionais especificados em docs/requisitos.md."
"Finalizado","Implementação de Varredura 360 graus","Visualizador orbital fotográfico 360° em 8 ângulos contínuos com perspectiva 3D realista."
"Finalizado","Implementação de Vídeo pericial de 15s","Player integrado de vídeo pericial de 15 segundos em 3 checkpoints com timeline interativa."
"Finalizado","Implementação de TCO","Calculadora de Custo Total de Posse decomposta em 4 pilares: IPVA por estado, seguro, combustível e manutenção."
"Finalizado","Implementação de Comparador Multidimensional","Confronto lado a lado de até 3 veículos em 5 dimensões técnicas com lazy loading e seletor in-slot."